<?xml version="1.0" ?>
<component id="root" name="root">
	<component id="system" name="system">
		<!--McPAT will skip the components if number is set to 0 -->
		<param name="number_of_cores" value="4"/>
		<param name="number_of_L1Directories" value="0"/>
		<param name="number_of_L2Directories" value="0"/>
		<param name="number_of_L2s" value="0"/> <!-- This number means how many L2 clusters in each cluster there can be multiple banks/ports -->
		<param name="Private_L2" value="0"/><!--1 Private, 0 shared/coherent -->
		<param name="number_of_L3s" value="0"/> <!-- This number means how many L3 clusters -->
		<param name="number_of_NoCs" value="0"/>
		<param name="homogeneous_cores" value="1"/><!--1 means homo -->
		<param name="homogeneous_L2s" value="1"/>
		<param name="homogeneous_L1Directorys" value="1"/>
		<param name="homogeneous_L2Directorys" value="1"/>
		<param name="homogeneous_L3s" value="1"/>
		<param name="homogeneous_ccs" value="1"/><!--cache coherece hardware -->
		<param name="homogeneous_NoCs" value="1"/>
		<param name="core_tech_node" value="45"/><!-- nm -->
		<param name="target_core_clockrate" value="3400"/><!--MHz -->
		<param name="temperature" value="380"/> <!-- Kelvin -->
		<param name="number_cache_levels" value="3"/>
		<param name="interconnect_projection_type" value="0"/><!--0: agressive wire technology; 1: conservative wire technology -->
		<param name="device_type" value="0"/><!--0: HP(High Performance Type); 1: LSTP(Low standby power) 2: LOP (Low Operating Power)  -->
		<param name="longer_channel_device" value="1"/><!-- 0 no use; 1 use when approperiate -->
		<param name="machine_bits" value="64"/>
		<param name="virtual_address_width" value="64"/>
		<param name="physical_address_width" value="52"/>
		<param name="virtual_memory_page_size" value="4096"/>
		<!-- address width determins the tag_width in Cache, LSQ and buffers in cache controller 
			default value is machine_bits, if not set --> 
		<stat name="total_cycles" value="741793"/>
		<stat name="idle_cycles" value="0"/>
		<stat name="busy_cycles"  value="741793"/>
	</component>	
</component>
